车牌号,终端号,纬度,经度,速度,状态,报警,行程
粤K60797,15505681325,36.073248,114.320504,10,定位,无,开始
tian06,15566668888,36.073132,114.32048,20,定位,无,
粤C10086,15505681428,36.073032,114.32048,30,定位,无,
,15515686851,36.072968,114.32048,40,定位,无,
,,36.072884,114.320416,50,定位,无,
,,36.072868,114.320352,60,定位,无,
,,36.072868,114.3202,70,定位,超速报警,
,,36.072868,114.320016,80,定位,无,
,,36.072868,114.319944,90,定位,超速报警,
,,36.072868,114.319832,100,定位,无,
,,36.0729,114.31976,110,定位,超速报警,
,,36.072932,114.319736,100,定位,无,
,,36.073052,114.319736,90,定位,超速报警,
,,36.073132,114.319744,80,定位,无,
,,36.073248,114.31976,70,定位,超速报警,
,,36.073368,114.31976,70,定位,无,
,,36.073448,114.31976,70,定位,无,
,,36.073516,114.31976,70,定位,无,
,,36.073636,114.319832,70,定位,无,
,,36.073568,114.319784,70,定位,无,
,,36.073664,114.319912,70,定位,无,
,,36.073684,114.320056,70,定位,无,
,,36.0737,114.320184,70,定位,无,
,,36.0737,114.320416,70,定位,无,
,,36.0737,114.320768,70,定位,无,
,,36.073716,114.320952,70,定位,无,
,,36.073716,114.321336,70,定位,无,
,,36.073716,114.321632,70,定位,无,
,,36.073716,114.321856,70,定位,无,
,,36.073716,114.3222,70,定位,无,
,,36.073716,114.322536,70,定位,无,
,,36.073716,114.322984,70,定位,无,
,,36.073716,114.323216,70,定位,无,
,,36.073736,114.323688,70,定位,无,
,,36.073736,114.324032,70,定位,无,
,,36.073736,114.3244,80,定位,无,
,,36.073736,114.324784,80,定位,无,
,,36.073736,114.3252,81,定位,无,
,,36.073736,114.325632,82,定位,无,
,,36.073736,114.326064,83,定位,无,
,,36.073736,114.326488,84,定位,无,
,,36.073716,114.326752,85,定位,无,
,,36.073716,114.327264,86,定位,无,
,,36.0737,114.32764,87,定位,无,
,,36.073684,114.327936,88,定位,无,
,,36.073684,114.328232,89,定位,无,
,,36.073664,114.328472,90,定位,超速报警,
,,36.073664,114.328664,91,定位,超速报警,
,,36.073652,114.328816,92,定位,超速报警,
,,36.073652,114.328904,93,定位,超速报警,
,,36.073664,114.328936,94,定位,超速报警,
,,36.073664,114.328952,95,定位,超速报警,
,,36.073664,114.328952,96,定位,超速报警,
,,36.073664,114.328952,97,定位,超速报警,
,,36.073664,114.328952,96,定位,超速报警,
,,36.073664,114.328952,95,定位,超速报警,
,,36.073664,114.328952,94,定位,超速报警,
,,36.073664,114.328968,93,定位,超速报警,
,,36.073664,114.329048,92,定位,超速报警,
,,36.073664,114.3292,91,定位,超速报警,
,,36.073664,114.329384,90,定位,无,
,,36.073652,114.329536,89,定位,无,
,,36.073636,114.329832,88,定位,无,
,,36.0736,114.33,87,定位,无,
,,36.073552,114.3304,86,定位,无,
,,36.0735,114.330704,85,定位,无,
,,36.073468,114.330984,84,定位,无,
,,36.073432,114.331184,83,定位,无,
,,36.073384,114.331552,82,定位,无,
,,36.073332,114.331816,81,定位,无,
,,36.07332,114.332,80,定位,无,
,,36.073248,114.332424,79,定位,无,
,,36.073236,114.332616,78,定位,无,
,,36.073184,114.332944,77,定位,无,
,,36.073152,114.333096,76,定位,无,
,,36.073116,114.333128,75,定位,无,
,,36.073068,114.333152,74,定位,无,
,,36.073032,114.333128,73,定位,无,
,,36.072932,114.333112,72,定位,无,
,,36.072884,114.333112,71,定位,无,
,,36.072784,114.333096,70,定位,无,
,,36.072632,114.333072,70,定位,无,
,,36.0725,114.333072,70,定位,无,
,,36.072364,114.333072,70,定位,无,
,,36.072236,114.333056,70,定位,无,
,,36.072168,114.333,70,定位,无,
,,36.072116,114.332904,70,定位,无,
,,36.0721,114.3328,70,定位,无,
,,36.072084,114.332736,70,定位,无,
,,36.072048,114.332584,70,定位,无,
,,36.072048,114.33252,70,定位,无,
,,36.072016,114.3324,70,定位,无,
,,36.071968,114.332336,70,定位,无,
,,36.07192,114.332264,70,定位,无,
,,36.071864,114.332184,70,定位,无,
,,36.071864,114.332112,70,定位,无,
,,36.071848,114.332096,70,定位,无,
,,36.071848,114.332096,70,定位,无,
,,36.071848,114.332088,70,定位,无,
,,36.071848,114.332088,70,定位,无,
,,36.071784,114.332032,70,定位,无,
,,36.071752,114.332032,70,定位,无,
,,36.071752,114.332048,70,定位,无,
,,36.071752,114.332048,70,定位,无,
,,36.071752,114.332048,70,定位,无,
,,36.071732,114.3322,70,定位,无,
,,36.071732,114.3322,70,定位,无,
,,36.071848,114.332232,70,定位,无,
,,36.072,114.3324,70,定位,无,
,,36.0723,114.332984,70,定位,无,
,,36.073016,114.333096,70,定位,无,
,,36.073236,114.333072,70,定位,无,
,,36.073264,114.33292,70,定位,无,
,,36.073348,114.332464,70,定位,无,
,,36.073684,114.330144,70,定位,无,
,,36.073736,114.329696,70,定位,无,
,,36.073764,114.329136,70,定位,无,
,,36.073764,114.325544,70,定位,无,
,,36.073764,114.321152,70,定位,无,
,,36.0736,114.319616,70,定位,无,
,,36.0715,114.319632,70,定位,无,
,,36.069268,114.3196,70,定位,无,
,,36.067248,114.319584,70,定位,无,
,,36.065948,114.319632,70,定位,无,
,,36.063852,114.3196,70,定位,无,
,,36.062084,114.3196,70,定位,无,
,,36.061952,114.319832,70,定位,无,
,,36.062,114.320264,70,定位,无,
,,36.062064,114.32028,70,定位,无,
,,36.062,114.320296,70,定位,无,
,,36.062,114.320264,70,定位,无,
,,36.062016,114.320248,70,定位,无,
,,36.062016,114.320248,70,定位,无,
,,36.062,114.320264,70,定位,无,
,,36.061984,114.320264,70,定位,无,
,,36.061984,114.320264,70,定位,无,
,,36.061964,114.320264,70,定位,无,
,,36.061984,114.32028,70,定位,无,
,,36.061984,114.32028,70,定位,无,
,,36.062,114.320296,70,定位,无,
,,36.061984,114.32028,70,定位,无,
,,36.062016,114.320264,70,定位,无,
,,36.062036,114.320264,70,定位,无,
,,36.062036,114.320264,70,定位,无,
,,36.062016,114.320264,70,定位,无,
,,36.061984,114.32028,60,定位,无,
,,36.061984,114.320264,60,定位,无,
,,36.062,114.320264,60,定位,无,
,,36.062016,114.320248,60,定位,无,
,,36.062,114.320248,60,定位,无,
,,36.062,114.320264,60,定位,无,
,,36.062,114.320248,60,定位,无,
,,36.061964,114.32028,60,定位,无,
,,36.062,114.32028,60,定位,无,
,,36.062,114.32028,60,定位,无,
,,36.062,114.32028,60,定位,无,
,,36.062,114.32028,60,定位,无,
,,36.062,114.32028,60,定位,无,
,,36.062,114.32028,60,定位,无,
,,36.062,114.32028,60,定位,无,
,,36.062,114.32028,60,定位,无,
,,36.062,114.32028,60,定位,无,
,,36.062,114.32028,60,定位,无,
,,36.062,114.32028,60,定位,无,
,,36.062,114.32028,60,定位,无,
,,36.062,114.32028,60,定位,无,
,,36.061964,114.320296,60,定位,无,
,,36.061964,114.32032,60,定位,无,
,,36.061984,114.320296,60,定位,无,
,,36.061984,114.32028,60,定位,无,
,,36.062,114.32028,60,定位,无,
,,36.062,114.320264,60,定位,无,
,,36.062,114.320264,60,定位,无,
,,36.062,114.320264,60,定位,无,
,,36.061984,114.320248,60,定位,无,
,,36.062,114.320248,60,定位,无,
,,36.061984,114.320248,60,定位,无,
,,36.061984,114.320248,50,定位,无,
,,36.061984,114.320248,51,定位,无,
,,36.062,114.320264,52,定位,无,
,,36.062,114.320264,53,定位,无,
,,36.061984,114.32028,54,定位,无,
,,36.061984,114.320296,55,定位,无,
,,36.061984,114.320296,56,定位,无,
,,36.061964,114.32028,57,定位,无,
,,36.061964,114.320296,58,定位,无,
,,36.061984,114.32028,59,定位,无,
,,36.061984,114.320248,60,定位,无,
,,36.061984,114.320248,61,定位,无,
,,36.062,114.320264,62,定位,无,
,,36.062016,114.320264,63,定位,无,
,,36.062016,114.320264,64,定位,无,
,,36.062016,114.320264,65,定位,无,
,,36.062,114.320264,50,定位,无,
,,36.062,114.320264,50,定位,无,
,,36.061984,114.320264,50,定位,无,
,,36.061984,114.320264,50,定位,无,
,,36.062,114.320264,50,定位,无,
,,36.062,114.320264,50,定位,无,
,,36.062,114.320264,50,定位,无,
,,36.062,114.320264,50,定位,无,
,,36.062,114.320264,50,定位,无,
,,36.062,114.320264,50,定位,无,
,,36.062,114.320264,40,定位,无,
,,36.062016,114.32028,30,定位,无,
,,36.062,114.32028,20,定位,无,
,,36.062016,114.32028,10,定位,无,
,,36.062,114.320264,0,定位,无,
,,36.062,114.320264,10,定位,无,
,,36.061984,114.320264,20,定位,无,
,,36.062,114.320264,30,定位,无,
,,36.062,114.32028,40,定位,无,
,,36.061984,114.32028,50,定位,无,
,,36.061984,114.320264,60,定位,无,
,,36.062,114.32028,70,定位,超速报警,
,,36.061868,114.319872,80,定位,无,
,,36.061352,114.31976,90,定位,超速报警,
,,36.061248,114.319744,100,定位,无,
,,36.061248,114.319744,110,定位,超速报警,
,,36.061316,114.319736,100,定位,无,
,,36.0614,114.31976,90,定位,超速报警,
,,36.061432,114.31976,80,定位,无,
,,36.061468,114.319744,70,定位,超速报警,
,,36.061468,114.319744,70,定位,无,
,,36.061452,114.319736,70,定位,无,
,,36.061816,114.3198,70,定位,无,
,,36.062016,114.31976,70,定位,无,
,,36.062816,114.319648,70,定位,无,
,,36.064968,114.319664,70,定位,无,
,,36.066384,114.319664,70,定位,无,
,,36.068536,114.319632,70,定位,无,
,,36.0707,114.319688,70,定位,无,
,,36.07332,114.319688,70,定位,无,
,,36.073552,114.319736,70,定位,无,
,,36.075184,114.319648,70,定位,无,
,,36.078216,114.319664,70,定位,无,
,,36.080184,114.319688,70,定位,无,
,,36.082084,114.319664,70,定位,无,
,,36.0844,114.319664,70,定位,无,
,,36.0877,114.31972,70,定位,无,
,,36.090316,114.319744,70,定位,无,
,,36.092252,114.319704,70,定位,无,
,,36.093652,114.319736,70,定位,无,
,,36.094236,114.319784,80,定位,无,
,,36.096816,114.319784,80,定位,无,
,,36.098936,114.319816,81,定位,无,
,,36.098884,114.319816,82,定位,无,
,,36.098884,114.319816,83,定位,无,
,,36.098936,114.319784,84,定位,无,
,,36.098936,114.3198,85,定位,无,
,,36.098948,114.3198,86,定位,无,
,,36.098948,114.319816,87,定位,无,
,,36.098948,114.319816,88,定位,无,
,,36.098968,114.319816,89,定位,无,
,,36.099116,114.319816,90,定位,超速报警,
,,36.101164,114.319816,91,定位,超速报警,
,,36.104016,114.319736,92,定位,超速报警,
,,36.104752,114.319832,93,定位,超速报警,
,,36.105184,114.3198,94,定位,超速报警,
,,36.107968,114.3198,95,定位,超速报警,
,,36.111036,114.3198,96,定位,超速报警,
,,36.111752,114.319872,97,定位,超速报警,
,,36.111732,114.319848,96,定位,超速报警,
,,36.113048,114.319848,95,定位,超速报警,
,,36.114284,114.319888,94,定位,超速报警,
,,36.11442,114.319968,93,定位,超速报警,
,,36.114552,114.32008,92,定位,超速报警,
,,36.116148,114.32204,91,定位,超速报警,
,,36.117632,114.323896,90,定位,无,
,,36.118168,114.324672,89,定位,无,
,,36.1182,114.324848,88,定位,无,
,,36.1182,114.325816,87,定位,无,
,,36.1182,114.329088,86,定位,无,
,,36.1183,114.329648,85,定位,无,
,,36.118864,114.331832,84,定位,无,
,,36.1189,114.333248,83,定位,无,
,,36.118668,114.335264,82,定位,无,
,,36.118568,114.335504,81,定位,无,
,,36.118368,114.335744,80,定位,无,
,,36.118064,114.335968,79,定位,无,
,,36.118,114.335952,78,定位,无,
,,36.117936,114.335888,77,定位,无,
,,36.1179,114.335768,76,定位,无,
,,36.117916,114.335616,75,定位,无,
,,36.117964,114.335464,74,定位,无,
,,36.11812,114.335168,73,定位,无,
,,36.118536,114.334464,72,定位,无,
,,36.1187,114.3344,71,定位,无,
,,36.118916,114.334416,70,定位,无,
,,36.12042,114.334384,70,定位,无,
,,36.122968,114.333816,70,定位,无,
,,36.125768,114.333184,70,定位,无,
,,36.128868,114.33228,70,定位,无,
,,36.132,114.331384,70,定位,无,
,,36.135684,114.330352,70,定位,无,
,,36.1393,114.329352,70,定位,无,
,,36.142252,114.328648,70,定位,无,
,,36.14588,114.328368,70,定位,无,
,,36.148284,114.32816,70,定位,无,
,,36.1484,114.328288,70,定位,无,
,,36.148484,114.328456,70,定位,无,
,,36.148652,114.329248,70,定位,无,
,,36.148716,114.330216,70,定位,无,
,,36.148632,114.332088,70,定位,无,
,,36.148836,114.332984,70,定位,无,
,,36.149,114.336248,70,定位,无,
,,36.149132,114.340448,70,定位,无,
,,36.149264,114.345016,70,定位,无,
,,36.149368,114.3498,70,定位,无,
,,36.149448,114.353896,70,定位,无,
,,36.149468,114.358072,70,定位,无,
,,36.149468,114.360352,70,定位,无,
,,36.149484,114.36352,70,定位,无,
,,36.149368,114.366336,70,定位,无,
,,36.1491,114.367384,70,定位,无,
,,36.148316,114.368936,70,定位,无,
,,36.146684,114.371848,70,定位,无,
,,36.146284,114.372552,70,定位,无,
,,36.144816,114.375168,70,定位,无,
,,36.142832,114.378728,70,定位,无,
,,36.140836,114.382304,70,定位,无,
,,36.14028,114.383328,70,定位,无,
,,36.1403,114.383456,70,定位,无,
,,36.140336,114.383528,70,定位,无,
,,36.140364,114.383568,70,定位,无,
,,36.140464,114.383584,70,定位,无,
,,36.1434,114.38368,70,定位,无,
,,36.1476,114.38372,70,定位,无,
,,36.151636,114.383696,70,定位,无,
,,36.155264,114.383768,70,定位,无,
,,36.1566,114.383936,70,定位,无,
,,36.1566,114.384272,70,定位,无,
,,36.1566,114.385328,70,定位,无,
,,36.1566,114.385624,70,定位,无,
,,36.15658,114.385368,70,定位,无,
,,36.1566,114.385496,70,定位,无,
,,36.15658,114.385848,70,定位,无,
,,36.156568,114.385952,70,定位,无,
,,36.15658,114.385416,70,定位,无,
,,36.15658,114.385416,70,定位,无,
,,36.15658,114.385168,70,定位,无,
,,36.15658,114.385168,70,定位,无,
,,36.15658,114.384,70,定位,无,
,,36.1566,114.383976,70,定位,无,
,,36.1567,114.38372,70,定位,无,
,,36.156632,114.383584,70,定位,无,
,,36.156032,114.3836,70,定位,无,
,,36.154364,114.383552,70,定位,无,
,,36.154364,114.383552,70,定位,无,
,,36.154148,114.383552,70,定位,无,
,,36.151284,114.383528,70,定位,无,
,,36.1474,114.38348,70,定位,无,
,,36.143164,114.383432,70,定位,无,
,,36.1404,114.383328,60,定位,无,
,,36.1404,114.3832,60,定位,无,
,,36.141848,114.380584,60,定位,无,
,,36.144268,114.376248,60,定位,无,
,,36.146532,114.37228,60,定位,无,
,,36.1489,114.368048,60,定位,无,
,,36.149252,114.367136,60,定位,无,
,,36.149468,114.366152,60,定位,无,
,,36.149552,114.363768,60,定位,无,
,,36.149532,114.360256,60,定位,无,
,,36.149516,114.355496,60,定位,无,
,,36.149484,114.351384,60,定位,无,
,,36.1494,114.348264,60,定位,无,
,,36.149264,114.343696,60,定位,无,
,,36.149068,114.337912,60,定位,无,
,,36.148932,114.333312,60,定位,无,
,,36.148984,114.3326,60,定位,无,
,,36.149168,114.331752,60,定位,无,
,,36.149152,114.331552,60,定位,无,
,,36.1491,114.331368,60,定位,无,
,,36.148984,114.330936,60,定位,无,
,,36.148948,114.330464,60,定位,无,
,,36.149032,114.326448,60,定位,无,
,,36.1491,114.322368,60,定位,无,
,,36.149184,114.318944,60,定位,无,
,,36.148984,114.318752,60,定位,无,
,,36.148264,114.318888,60,定位,无,
,,36.145036,114.32048,60,定位,无,
,,36.1446,114.320768,60,定位,无,
,,36.1444,114.320952,60,定位,无,
,,36.144148,114.32128,60,定位,无,
,,36.144,114.321536,60,定位,无,
,,36.1439,114.321816,50,定位,无,
,,36.143468,114.32328,51,定位,无,
,,36.1433,114.32352,52,定位,无,
,,36.1431,114.323696,53,定位,无,
,,36.142764,114.32388,54,定位,无,
,,36.1424,114.323968,55,定位,无,
,,36.138716,114.324024,56,定位,无,
,,36.135652,114.323832,57,定位,无,
,,36.131668,114.323584,58,定位,无,
,,36.129484,114.323584,59,定位,无,
,,36.128416,114.323912,60,定位,无,
,,36.126864,114.324544,61,定位,无,
,,36.124268,114.324632,62,定位,无,
,,36.120568,114.324528,63,定位,无,
,,36.118184,114.324464,64,定位,无,
,,36.118016,114.324264,65,定位,无,
,,36.116032,114.321888,50,定位,无,
,,36.1144,114.319928,50,定位,无,
,,36.114168,114.319832,50,定位,无,
,,36.1137,114.319816,50,定位,无,
,,36.1137,114.319816,50,定位,无,
,,36.11368,114.3198,50,定位,无,
,,36.113384,114.3198,50,定位,无,
,,36.1124,114.3198,50,定位,无,
,,36.1123,114.3198,50,定位,无,
,,36.11228,114.3198,50,定位,无,
,,36.11228,114.3198,40,定位,无,
,,36.109748,114.319784,30,定位,无,
,,36.107284,114.319784,20,定位,无,
,,36.1054,114.31976,10,定位,无,
,,36.105216,114.31976,0,定位,无,
,,36.102564,114.31976,10,定位,无,
,,36.099968,114.319704,20,定位,无,
,,36.099048,114.319736,30,定位,无,
,,36.096284,114.31972,40,定位,无,
,,36.094468,114.319704,50,定位,无,
,,36.0925,114.319664,60,定位,无,
,,36.091464,114.319648,70,定位,超速报警,
,,36.091448,114.319664,80,定位,无,
,,36.091032,114.319648,90,定位,超速报警,
,,36.08848,114.319664,100,定位,无,
,,36.085048,114.319688,110,定位,超速报警,
,,36.082332,114.319632,100,定位,无,
,,36.079068,114.319632,90,定位,超速报警,
,,36.077364,114.319648,80,定位,无,
,,36.0745,114.3196,70,定位,超速报警,
,,36.074216,114.3196,70,定位,无,
,,36.0742,114.3196,70,定位,无,
,,36.073152,114.319632,70,定位,无,
,,36.070384,114.3196,70,定位,无,
,,36.067664,114.3196,70,定位,无,
,,36.067532,114.3196,70,定位,无,
,,36.067332,114.3196,70,定位,无,
,,36.067116,114.319568,70,定位,无,
,,36.066868,114.319568,70,定位,无,
,,36.066568,114.319568,70,定位,无,
,,36.066368,114.319584,70,定位,无,
,,36.066264,114.319584,70,定位,无,
,,36.066132,114.3196,70,定位,无,
,,36.066084,114.3196,70,定位,无,
,,36.066052,114.3196,70,定位,无,
,,36.065968,114.3196,70,定位,无,
,,36.065836,114.3196,70,定位,无,
,,36.06568,114.3196,70,定位,无,
,,36.065468,114.3196,70,定位,无,
,,36.065236,114.3196,70,定位,无,
,,36.064984,114.3196,80,定位,无,
,,36.064632,114.3196,80,定位,无,
,,36.064448,114.319584,81,定位,无,
,,36.064168,114.319568,82,定位,无,
,,36.063864,114.319584,83,定位,无,
,,36.063568,114.319568,84,定位,无,
,,36.063268,114.319568,85,定位,无,
,,36.062984,114.319584,86,定位,无,
,,36.062716,114.319632,87,定位,无,
,,36.0625,114.319616,88,定位,无,
,,36.0623,114.3196,89,定位,无,
,,36.062132,114.3196,90,定位,超速报警,
,,36.062048,114.319648,91,定位,超速报警,
,,36.062036,114.319688,92,定位,超速报警,
,,36.062036,114.319704,93,定位,超速报警,
,,36.062036,114.31972,94,定位,超速报警,
,,36.062036,114.31972,95,定位,超速报警,
,,36.062036,114.31972,96,定位,超速报警,
,,36.062016,114.3198,97,定位,超速报警,
,,36.062,114.319832,96,定位,超速报警,
,,36.061932,114.319872,95,定位,超速报警,
,,36.061816,114.319872,94,定位,超速报警,
,,36.061732,114.319848,93,定位,超速报警,
,,36.061636,114.319832,92,定位,超速报警,
,,36.0616,114.319832,91,定位,超速报警,
,,36.061564,114.319832,90,定位,无,
,,36.061536,114.319832,89,定位,无,
,,36.061536,114.319832,88,定位,无,
,,36.061516,114.319832,87,定位,无,
,,36.061516,114.319832,86,定位,无,
,,36.061516,114.319832,85,定位,无,
,,36.061536,114.319816,84,定位,无,
,,36.061516,114.319816,83,定位,无,
,,36.061516,114.319816,82,定位,无,
,,36.061516,114.319816,81,定位,无,
,,36.061516,114.319816,80,定位,无,
,,36.061516,114.319816,79,定位,无,
,,36.061516,114.319816,78,定位,无,
,,36.061516,114.319784,77,定位,无,
,,36.061516,114.31976,76,定位,无,
,,36.061516,114.319744,75,定位,无,
,,36.061536,114.319736,74,定位,无,
,,36.061536,114.319736,73,定位,无,
,,36.061536,114.31972,72,定位,无,
,,36.06148,114.31972,71,定位,无,
,,36.061416,114.319704,70,定位,无,
,,36.0614,114.319688,70,定位,无,
,,36.0614,114.319688,70,定位,无,
,,36.061384,114.319704,70,定位,无,
,,36.0614,114.31972,70,定位,无,
,,36.0614,114.31972,70,定位,无,
,,36.0614,114.319736,70,定位,无,
,,36.0614,114.31972,70,定位,无,
,,36.061384,114.31972,70,定位,无,
,,36.061384,114.319704,70,定位,无,
,,36.061384,114.31972,70,定位,无,
,,36.0614,114.319736,70,定位,无,
,,36.0614,114.319744,70,定位,无,
,,36.061416,114.31976,70,定位,无,
,,36.061416,114.31976,70,定位,无,
,,36.061416,114.319784,70,定位,无,
,,36.061416,114.319784,70,定位,无,
,,36.061432,114.31976,70,定位,无,
,,36.061432,114.31976,70,定位,无,
,,36.061432,114.31976,70,定位,无,
,,36.061432,114.31976,70,定位,无,
,,36.061432,114.31976,70,定位,无,
,,36.061432,114.31976,70,定位,无,
,,36.061432,114.31976,70,定位,无,
,,36.061432,114.31976,70,定位,无,
,,36.061432,114.319784,70,定位,无,
,,36.061432,114.319784,70,定位,无,
,,36.061432,114.319784,70,定位,无,
,,36.061432,114.319784,70,定位,无,
,,36.061332,114.319784,70,定位,无,
,,36.061332,114.319784,70,定位,无,
,,36.0614,114.3198,70,定位,无,
,,36.061816,114.319848,70,定位,无,
,,36.061816,114.319848,70,定位,无,
,,36.062,114.3198,70,定位,无,
,,36.062016,114.319784,70,定位,无,
,,36.062016,114.319664,70,定位,无,
,,36.0618,114.319584,70,定位,无,
,,36.060068,114.319584,70,定位,无,
,,36.058384,114.31952,70,定位,无,
,,36.058284,114.319352,70,定位,无,
,,36.0578,114.318072,70,定位,无,
,,36.057268,114.317144,70,定位,无,
,,36.0559,114.315736,70,定位,无,
,,36.05398,114.313832,70,定位,无,
,,36.051632,114.311584,70,定位,无,
,,36.048564,114.309232,70,定位,无,
,,36.045236,114.307136,70,定位,无,
,,36.042284,114.305432,70,定位,无,
,,36.0414,114.305128,70,定位,无,
,,36.038068,114.304904,70,定位,无,
,,36.034584,114.30468,70,定位,无,
,,36.030884,114.304448,70,定位,无,
,,36.02738,114.304184,70,定位,无,
,,36.023968,114.304,70,定位,无,
,,36.020316,114.304088,70,定位,无,
,,36.016364,114.304832,70,定位,无,
,,36.014016,114.305368,70,定位,无,
,,36.0139,114.30548,70,定位,无,
,,36.013852,114.305616,70,定位,无,
,,36.013352,114.308064,70,定位,无,
,,36.012984,114.310632,70,定位,无,
,,36.012616,114.312968,70,定位,无,
,,36.012032,114.31568,70,定位,无,
,,36.011284,114.319216,70,定位,无,
,,36.010948,114.320984,60,定位,无,
,,36.010216,114.324656,60,定位,无,
,,36.0095,114.328216,60,定位,无,
,,36.008836,114.331536,60,定位,无,
,,36.0084,114.334448,60,定位,无,
,,36.008464,114.336168,60,定位,无,
,,36.008768,114.339,60,定位,无,
,,36.008768,114.339032,60,定位,无,
,,36.008768,114.339032,60,定位,无,
,,36.008768,114.339288,60,定位,无,
,,36.008716,114.339864,60,定位,无,
,,36.008684,114.340488,60,定位,无,
,,36.008316,114.343632,60,定位,无,
,,36.008148,114.345112,60,定位,无,
,,36.008084,114.3466,60,定位,无,
,,36.008032,114.346664,60,定位,无,
,,36.007416,114.347016,60,定位,无,
,,36.005116,114.346832,60,定位,无,
,,36.001836,114.34668,60,定位,无,
,,35.998384,114.346648,60,定位,无,
,,35.995032,114.346336,60,定位,无,
,,35.99402,114.346184,60,定位,无,
,,35.991332,114.345968,60,定位,无,
,,35.987548,114.345552,60,定位,无,
,,35.983468,114.345088,60,定位,无,
,,35.979464,114.344648,60,定位,无,
,,35.975764,114.344232,60,定位,无,
,,35.97212,114.343832,60,定位,无,
,,35.968652,114.343456,60,定位,无,
,,35.965416,114.343144,60,定位,无,
,,35.963184,114.343168,60,定位,无,
,,35.961752,114.343184,60,定位,无,
,,35.960316,114.343184,50,定位,无,
,,35.958816,114.343216,51,定位,无,
,,35.957684,114.343352,52,定位,无,
,,35.957684,114.343352,53,定位,无,
,,35.957668,114.343352,54,定位,无,
,,35.957668,114.343352,55,定位,无,
,,35.957668,114.343352,56,定位,无,
,,35.957648,114.343352,57,定位,无,
,,35.957668,114.343352,58,定位,无,
,,35.957668,114.343352,59,定位,无,
,,35.956052,114.343248,60,定位,无,
,,35.953,114.343272,61,定位,无,
,,35.949516,114.343328,62,定位,无,
,,35.946864,114.343648,63,定位,无,
,,35.946516,114.343696,64,定位,无,
,,35.946416,114.343816,65,定位,无,
,,35.946352,114.344,50,定位,无,
,,35.946232,114.347264,50,定位,无,
,,35.946184,114.348688,50,定位,无,
,,35.946168,114.348688,50,定位,无,
,,35.946084,114.351448,50,定位,无,
,,35.9459,114.35568,50,定位,无,
,,35.945752,114.36024,50,定位,无,
,,35.945548,114.365432,50,定位,无,
,,35.945464,114.367672,50,定位,无,
,,35.945416,114.368824,50,定位,无,
,,35.9453,114.372368,40,定位,无,
,,35.945148,114.376768,30,定位,无,
,,35.944936,114.381304,20,定位,无,
,,35.944884,114.381768,10,定位,无,
,,35.944816,114.382216,0,定位,无,
,,35.944668,114.382384,10,定位,无,
,,35.944548,114.382432,20,定位,无,
,,35.944284,114.382472,30,定位,无,
,,35.941832,114.382472,40,定位,无,
,,35.938884,114.382488,50,定位,无,
,,35.93648,114.382368,60,定位,无,
,,35.933568,114.3816,70,定位,超速报警,
,,35.931584,114.38108,80,定位,无,
,,35.930184,114.380768,90,定位,超速报警,
,,35.926948,114.379936,100,定位,无,
,,35.924752,114.3794,110,定位,超速报警,
,,35.924768,114.3794,100,定位,无,
,,35.924752,114.379384,90,定位,超速报警,
,,35.924732,114.379384,80,定位,无,
,,35.924732,114.3794,70,定位,超速报警,
,,35.923952,114.379432,70,定位,无,
,,35.923952,114.379584,70,定位,无,
,,35.9244,114.382584,70,定位,无,
,,35.924816,114.3856,70,定位,无,
,,35.925252,114.38772,70,定位,无,
,,35.926468,114.391448,70,定位,无,
,,35.927532,114.395304,70,定位,无,
,,35.929284,114.400112,70,定位,无,
,,35.930564,114.404056,70,定位,无,
,,35.931584,114.40732,70,定位,无,
,,35.932684,114.411344,70,定位,无,
,,35.933968,114.416256,70,定位,无,
,,35.935348,114.421264,70,定位,无,
,,35.9361,114.424,70,定位,无,
,,35.936536,114.425456,70,定位,无,
,,35.937632,114.429416,70,定位,无,
,,35.938816,114.434536,70,定位,无,
,,35.939816,114.439032,70,定位,无,
,,35.940584,114.442216,70,定位,无,
,,35.940552,114.442616,70,定位,无,
,,35.939684,114.446112,80,定位,无,
,,35.939336,114.447936,80,定位,无,
,,35.939352,114.449024,81,定位,无,
,,35.939584,114.452232,82,定位,无,
,,35.939584,114.452328,83,定位,无,
,,35.9397,114.453952,84,定位,无,
,,35.939816,114.458016,85,定位,无,
,,35.939836,114.463544,86,定位,无,
,,35.939948,114.466272,87,定位,无,
,,35.940216,114.4672,88,定位,无,
,,35.940616,114.468016,89,定位,无,
,,35.941032,114.468568,90,定位,超速报警,
,,35.942152,114.46948,91,定位,超速报警,
,,35.944684,114.470616,92,定位,超速报警,
,,35.947736,114.472032,93,定位,超速报警,
,,35.951016,114.473568,94,定位,超速报警,
,,35.95162,114.473928,95,定位,超速报警,
,,35.9517,114.474096,96,定位,超速报警,
,,35.951752,114.474368,97,定位,超速报警,
,,35.9521,114.478,96,定位,超速报警,
,,35.9524,114.482104,95,定位,超速报警,
,,35.952632,114.4862,94,定位,超速报警,
,,35.953116,114.490368,93,定位,超速报警,
,,35.953584,114.494136,92,定位,超速报警,
,,35.953968,114.498768,91,定位,超速报警,
,,35.954368,114.5026,90,定位,无,
,,35.954516,114.5042,89,定位,无,
,,35.954752,114.505712,88,定位,无,
,,35.954816,114.506384,87,定位,无,
,,35.955236,114.509952,86,定位,无,
,,35.9558,114.514576,85,定位,无,
,,35.955868,114.515896,84,定位,无,
,,35.95582,114.516248,83,定位,无,
,,35.955652,114.51672,82,定位,无,
,,35.955384,114.51712,81,定位,无,
,,35.954468,114.517832,80,定位,无,
,,35.952268,114.519512,79,定位,无,
,,35.951352,114.520264,78,定位,无,
,,35.950984,114.520752,77,定位,无,
,,35.950732,114.521288,76,定位,无,
,,35.950536,114.522032,75,定位,无,
,,35.950248,114.5246,74,定位,无,
,,35.950016,114.52668,73,定位,无,
,,35.9501,114.527168,72,定位,无,
,,35.950284,114.52776,71,定位,无,
,,35.951768,114.531064,70,定位,无,
,,35.952332,114.532232,70,定位,无,
,,35.952436,114.532632,70,定位,无,
,,35.952884,114.535528,70,定位,无,
,,35.953364,114.539568,70,定位,无,
,,35.953784,114.543968,70,定位,无,
,,35.954048,114.548432,70,定位,无,
,,35.954316,114.55348,70,定位,无,
,,35.9545,114.558712,70,定位,无,
,,35.954816,114.561336,70,定位,无,
,,35.955,114.561752,70,定位,无,
,,35.957136,114.565752,70,定位,无,
,,35.958,114.567536,70,定位,无,
,,35.959548,114.572464,70,定位,无,
,,35.961284,114.577936,70,定位,无,
,,35.962052,114.580736,70,定位,无,
,,35.962264,114.5856,70,定位,无,
,,35.962636,114.590736,70,定位,无,
,,35.963452,114.595984,70,定位,无,
,,35.9634,114.596904,70,定位,无,
,,35.9634,114.596904,70,定位,无,
,,35.962684,114.602136,70,定位,无,
,,35.961984,114.607016,70,定位,无,
,,35.962,114.608104,70,定位,无,
,,35.962332,114.609448,70,定位,无,
,,35.963868,114.614096,70,定位,无,
,,35.964684,114.616968,70,定位,无,
,,35.964716,114.617568,70,定位,无,
,,35.964268,114.621816,70,定位,无,
,,35.963816,114.625704,70,定位,无,
,,35.9634,114.62852,70,定位,无,
,,35.9631,114.630712,70,定位,无,
,,35.962684,114.632136,70,定位,无,
,,35.962052,114.633184,70,定位,无,
,,35.960468,114.63448,70,定位,无,
,,35.959364,114.635384,70,定位,无,
,,35.958884,114.636232,70,定位,无,
,,35.958268,114.638152,70,定位,无,
,,35.957536,114.640768,70,定位,无,
,,35.956564,114.644184,70,定位,无,
,,35.955348,114.647976,70,定位,无,
,,35.954236,114.651368,70,定位,无,
,,35.953152,114.654664,70,定位,无,
,,35.952184,114.657568,70,定位,无,
,,35.950984,114.661232,70,定位,无,
,,35.950432,114.66448,70,定位,无,
,,35.950116,114.66676,70,定位,无,
,,35.949684,114.66932,70,定位,无,
,,35.948264,114.673152,70,定位,无,
,,35.946652,114.67748,70,定位,无,
,,35.945,114.681888,70,定位,无,
,,35.943468,114.685936,70,定位,无,
,,35.9427,114.688232,70,定位,无,
,,35.942664,114.688784,70,定位,无,
,,35.942732,114.689648,70,定位,无,
,,35.943732,114.693448,70,定位,无,
,,35.944852,114.697544,70,定位,无,
,,35.945648,114.700504,70,定位,无,
,,35.946732,114.704552,70,定位,无,
,,35.947836,114.708584,70,定位,无,
,,35.948236,114.710224,70,定位,无,
,,35.948248,114.711048,70,定位,无,
,,35.948132,114.716136,70,定位,无,
,,35.947948,114.722072,70,定位,无,
,,35.947764,114.727912,70,定位,无,
,,35.947532,114.733256,60,定位,无,
,,35.946968,114.7356,60,定位,无,
,,35.9456,114.740016,60,定位,无,
,,35.945068,114.742016,60,定位,无,
,,35.944564,114.746568,60,定位,无,
,,35.944168,114.7506,60,定位,无,
,,35.943748,114.75428,60,定位,无,
,,35.94322,114.75912,60,定位,无,
,,35.942468,114.762864,60,定位,无,
,,35.941236,114.767832,60,定位,无,
,,35.940152,114.772304,60,定位,无,
,,35.939168,114.776232,60,定位,无,
,,35.938232,114.780056,60,定位,无,
,,35.937216,114.784152,60,定位,无,
,,35.936148,114.788352,60,定位,无,
,,35.93598,114.789,60,定位,无,
,,35.93598,114.789016,60,定位,无,
,,35.935968,114.789032,60,定位,无,
,,35.935968,114.789016,60,定位,无,
,,35.93598,114.789016,60,定位,无,
,,35.93598,114.789032,60,定位,无,
,,35.93598,114.789032,50,定位,无,
,,35.93598,114.789048,40,定位,无,
,,35.93598,114.789048,30,定位,无,
,,35.93598,114.789048,20,定位,无,
,,35.93598,114.789048,10,定位,无,
,,35.93598,114.789048,0,定位,无,结束
,,35.93598,114.789048,0,定位,剪线报警,
,,35.93598,114.789048,0,定位,无,
,,35.93598,114.789048,0,定位,震动报警,
,,35.93598,114.789048,0,定位,无,
